keyword,count,
climate change,652,
biodiversity,172,
Global Change Biology,119,
ecosystem services,86,
National Academy of Sciences,86,
medium confidence,85,
tree mortality,76,
drought,75,
ecosystems,57,
protected areas,56,
South Africa,55,
Europe,55,
anthropogenic climate change,53,
North America,52,
Africa,52,
wildfire,50,
precipitation,48,
Australia,44,
Canada,41,
deforestation,40,
Indonesia,40,
AR5,35,
adaptation,35,
climate warming,34,
Cambridge University Press,33,
extreme events,33,
United States of America,33,
birds,32,
wildfires,32,
peatlands,32,
IPCC,32,
freshwater ecosystems,31,
Amazon,31,
South America,30,
fire,29,
EbA,29,Review
burned area,28,
climate change adaptation,27,
China,27,
savannas,26,
tropical forests,26,
Total Environment,26,
Asia,25,
land use,25,
GHG emissions,25,
mammals,22,
global warming,22,
invasive species,21,
human health,21,
climate change mitigation,21,
LULCC,21,Review
heat waves,21,
Alaska,21,
Intergovernmental Panel on Climate Change,20,Review
grasslands,20,
USA,20,
conservation,20,
resilience,19,
carbon storage,19,
temperature,19,
Brazil,19,
rivers,18,
boreal forests,18,
amphibians,18,
modelling,18,
permafrost thaw,17,
malaria,17,
Southeast Asia,17,
terrestrial ecosystems,17,
Forest Ecology and Management,17,Review
water quality,16,
food security,16,
droughts,16,
agriculture,16,
lakes,15,
tundra,15,
uncertainty,15,
Nepal,14,
fish,14,
fire suppression,14,
permafrost,14,
hydrology,14,
natural systems,14,
evapotranspiration,14,
extinction risk,14,
range shifts,14,
fire frequency,14,
ecosystem integrity,13,
refugia,13,
biodiversity conservation,13,
land degradation,13,
insects,13,
humans,13,
Working Group II,12,
species,12,
agricultural expansion,12,
Arctic permafrost,12,
Amazon rainforest,12,
ecosystem functioning,12,
freshwater systems,12,
organisms,12,
fires,12,
thermal tolerance,12,
California,12,
Chile,12,
Thailand,12,
Neglected Tropical Diseases,12,review
Applied Ecology,12,review
Conservation Biology,12,review
western USA,11,
vegetation,11,
invertebrates,11,
floods,11,
climate change impacts,11,
natural ecosystems,11,
desertification,11,
species composition,11,
rainfall,11,
Northern Hemisphere,11,
Distributions,11,REVIEW
infectious diseases,11,
livestock,11,
carbon emissions,11,
Diversity,11,Review
The,11,
Freshwater Biology,11,review
Environmental Management,11,review
Remote Sensing,11,review
Working Group I,11,
India,10,
climate,10,
aridity,10,
Arctic,10,
adaptation measures,10,
plasticity,10,
biomes,10,
attribution,10,
medium agreement,10,annotation
streams,10,
climate extremes,10,
mortality,10,
species richness,10,
wild animals,10,
flooding,10,
Arctic tundra,10,
carbon sink,10,
CO2 emissions,10,
East Africa,10,
sustainable development,10,
wetlands,10,
urban areas,10,
South Asia,10,
global change,10,
UK,9,
primary productivity,9,
confidence,9,
evolution,9,
woody encroachment,9,
insect outbreaks,9,
biodiversity loss,9,
southern Africa,9,
boreal forest,9,
soil erosion,9,
connectivity,9,
fire risk,9,
water supply,9,
ecosystem function,9,
IPBES,9,
LUC,9,Review
urbanisation,9,
primary production,9,
butterflies,9,
dengue,9,
Spain,9,
tropical peatlands,9,
fire regimes,9,
Mexico,9,
Anthropocene,9,
Restoration Ecology,9,review
United States,9,
Management,9,Review
ecology,9,
Parasitology,9,
PLoS ONE,9,
Sixth Assessment Report,8,
freshwater species,8,
vectors,8,
population extinctions,8,
carbon sequestration,8,
local communities,8,
wild species,8,
phytoplankton,8,
water temperature,8,
animals,8,
temperate regions,8,
Finland,8,
reindeer,8,
disease incidence,8,
tropical ecosystems,8,
livestock grazing,8,
CO2 fertilisation,8,
Peru,8,
fire activity,8,
temperate forests,8,
extreme weather events,8,
vegetation cover,8,
fire weather,8,
Mediterranean Europe,8,
restoration,8,
SDMs,8,
Geophysical Research,8,
Biological,8,
Climate Change 2021,8,
phenology,7,
biome shifts,7,
woody vegetation,7,
tourism,7,
recreation,7,
Indigenous Peoples,7,
sustainable development goals,7,
animal species,7,
eutrophication,7,
albedo,7,
dispersal,7,
habitat fragmentation,7,
maximum temperatures,7,
river systems,7,
bark beetles,7,
body size,7,
disease risk,7,
timber harvesting,7,
woody cover,7,
Amazonia,7,
western North America,7,
woody plant encroachment,7,
water security,7,
Durban,7,
tree planting,7,
EcoHealth,7,
Microbiology,7,
Forest Ecology,7,
Global Ecology,7,
Landscape Ecology,7,
Assessment Report,7,
Biological Conservation,7,
sustainable land management,7,
greenhouse gas fluxes,7,
taxonomic groups,6,
exotic species,6,
chytrid fungus,6,
endemic species,6,
regional climate change,6,
water supplies,6,
carbon dynamics,6,
salamanders,6,
climate models,6,
insect pest outbreaks,6,
vegetation changes,6,
functional diversity,6,
ecosystem structure,6,
savanna,6,
temperate peatlands,6,
land cover change,6,
UNEP,6,
nutrient cycling,6,
carbon stocks,6,
SLR,6,review
Tibetan Plateau,6,
runoff,6,
water storage,6,
freshwater biodiversity,6,
erosion control,6,
breeding success,6,
heat tolerance,6,
Great Barrier Reef,6,
cyanobacteria,6,
food webs,6,
fisheries,6,
dragonflies,6,
Germany,6,
abundances,6,
genetic diversity,6,
global,6,
mosquitoes,6,
wildlife,6,
evolutionary responses,6,
climate adaptation,6,
reptiles,6,
health,6,
fauna,6,
tree species,6,
land area,6,
carbon cycle,6,
permafrost degradation,6,
global burned area,6,
ENSO,6,
African Sahel,6,
vulnerability,6,
carbon uptake,6,
West Africa,6,
methane emissions,6,
carbon fluxes,6,
Climate factors,6,
natural environment,6,
flood risk,6,
water resources,6,
cholera,6,
ecosystem restoration,6,
Natural England,6,
national park,6,
AFAC,6,
Earth System Science Data,6,
Biogeosciences,6,
Arid Environments,6,
Climatic Change,6,
Ecohydrology,6,
American Meteorological Society,6,
changing climate,6,
vulnerable species,5,
ticks,5,
grazing,5,
western,5,
food provisioning,5,
GSAT,5,
adaptation strategies,5,
recovery,5,
ecosystem processes,5,
human activities,5,
United Nations,5,
Millennium Ecosystem Assessment,5,
water purification,5,
species range shifts,5,
species extinctions,5,
soil moisture,5,
glacier retreat,5,
northern Europe,5,
arid regions,5,
algal blooms,5,
climate changes,5,
top predators,5,
water availability,5,
compound events,5,
climate change attribution,5,
water temperatures,5,
high confidence,5,
local extinction,5,
Tropics,5,
IUCN Red List,5,
medium evidence,5,
ectotherms,5,
human populations,5,
snails,5,
human infectious diseases,5,
local adaptation,5,
corridors,5,
water,5,
grassland,5,
nitrogen deposition,5,
northern peatlands,5,
drainage,5,
El Niño,5,
carbon loss,5,
Browning,5,
dissolved organic matter,5,
southwestern USA,5,
Brazilian Amazon,5,
fossil fuels,5,
tropical rainforests,5,
carbon source,5,
Malaysia,5,
photosynthesis,5,
England,5,
observations,5,
extinction,5,
projected climate change,5,
carbon cycling,5,
permafrost peatlands,5,
global climate,5,
global protected area,5,
Tasmania,5,
vegetation dynamics,5,
forest fires,5,
fire management,5,
IUCN,5,
natural habitats,5,
limited evidence,5,
African penguins,5,
income benefits,5,
East Asia,5,
Tasmanian Wilderness World Heritage Area,5,
sustainable management,5,
Joshua Tree National Park,5,
ecological restoration,5,
peatland restoration,5,
Integrated landscape management,5,
bioenergy,5,
Kenya,5,
Hydrological Processes,5,
Sierra Nevada,5,
Geospat Health,5,
tropical Andes,5,
Global Biogeochemical Cycles,5,
global climate change,5,
Sectoral,5,
Limnology,5,
Nature,5,
Veterinary Parasitology,5,
Sustainability,5,
Earth System Dynamics,5,
mass mortality events,4,
climate regulation,4,
boreal ecosystems,4,
carbon balance,4,
carbon,4,
ecosystem service,4,
attribution studies,4,
pollinators,4,
alpine grassland,4,
scientific literature,4,
change,4,
ecosystem health,4,
autonomous adaptation,4,
disease,4,
disease transmission,4,
climate hazards,4,
global water cycle,4,
Mediterranean,4,
medium,4,
emissions scenario,4,
temperatures,4,
eastern Australia,4,
high temperatures,4,
Siberia,4,
pest infestations,4,
habitat loss,4,
Central Asia,4,
warm range limits,4,
tropical regions,4,
small ponds,4,
Bd,4,
individual species,4,
community structure,4,
phytoplankton biomass,4,
novel communities,4,
spring events,4,
ology,4,
moths,4,
Switzerland,4,
spring phenology,4,
threatened species,4,
woody plants,4,
fecundity,4,
drought stress,4,
food availability,4,
disease outbreaks,4,
parasites,4,
human diseases,4,
Americas,4,
human use,4,
endangered species,4,
natural,4,
chikungunya,4,
pathogens,4,
Zika,4,
natural disturbances,4,
tree lines,4,
shrub encroachment,4,
biomass,4,
land conversion,4,
fire season,4,
peatland,4,
vegetation productivity,4,
carbon sinks,4,
fire occurrence,4,
reforestation,4,
peat swamp forests,4,
shrublands,4,
insect pests,4,
North Africa,4,
Mediterranean Basin,4,
Tropical deforestation,4,
Congo,4,
ESMs,4,
adaptive capacity,4,
climate projections,4,
taxa,4,
species extinction,4,
trophic levels,4,
rainfall seasonality,4,
MTEs,4,
mitigation,4,
grassy ecosystems,4,
African savannas,4,
Central America,4,
mangroves,4,
climate change effects,4,
livelihoods,4,
Southeast Asian peatlands,4,
Indonesian peatlands,4,
land cover,4,
tundra vegetation,4,
plant functional types,4,
Madagascar,4,
invasive grasses,4,
reservoirs,4,
inland waters,4,
afforestation,4,
seasonality,4,
risk,4,
Risk transitions,4,
moderate risk,4,
microclimate,4,
fire regime,4,
protected sites,4,
UNFCCC,4,
storm surges,4,
saltmarshes,4,
water provisioning,4,
One Health,4,
zoonotic diseases,4,
ecosystem change,4,
coastal area,4,
aquatic systems,4,
poverty,4,
CRD,4,
species diversity,4,
mitigation benefits,4,
forests,4,
IP,4,
Ecological Engineering,4,
Amazonian forests,4,
Functional Ecology,4,
Nature Geoscience,4,
Animal Ecology,4,
Wildland Fire,4,
global tree restoration potential,4,
Pastoralism,4,
forest management,4,
global carbon cycle,4,
Earth System Sciences,4,
Public Health,4,
tropical peat swamp forests,4,
agroforestry,4,
Agroforestry systems,4,
Oceanography,4,
Ecological Indicators,4,
Fifth Assessment Report,4,
thermal regime,3,
Extreme heat waves,3,
genetic evolution,3,
northward shifts,3,
atmospheric CO2,3,
ecological integrity,3,
air pollution,3,
pollination,3,
land,3,
flowering plants,3,
shifts,3,
poleward shifts,3,
montane forests,3,
land use change,3,
species distributions,3,
carbon capture,3,
mitigation measures,3,
Convention on Biological Diversity,3,
climate resilient development,3,
geographic ranges,3,
irrigation,3,
CBD,3,
human societies,3,
biological response,3,
biological change,3,
predation,3,
AR6,3,
future risks,3,
climate variability,3,
distribution shifts,3,
heat stress,3,
river water temperatures,3,
dissolved oxygen,3,
mean,3,
river connectivity,3,
river ice,3,
Spatial distribution,3,
urban development,3,
solar radiation,3,
salinity,3,
European lakes,3,
hydrological regimes,3,
groundwater,3,
natural resources,3,
MHW,3,
ecological effects,3,
geographic distributions,3,
flying foxes,3,
LULCCs,3,
regional climate trends,3,
Scots pine,3,
France,3,
freshwater invertebrates,3,
mean annual temperature,3,
temperature variability,3,
specialist species,3,
non,3,
BC melomys,3,
climate events,3,
latitude,3,
climate debt,3,
energy flux,3,
zooplankton,3,
Tropical lakes,3,
thermophilic species,3,
high,3,
wild plants,3,
autumn phenology,3,
Phenological trends,3,
ecological processes,3,
vertebrates,3,
mean temperatures,3,
population,3,
low confidence,3,
environmental changes,3,
nutrient availability,3,
climate variables,3,
thermoregulation,3,
beetles,3,
population declines,3,
fungi,3,
antibiotic resistance,3,
temporal patterns,3,
evolutionary potential,3,
pandemics,3,
Drosophila subobscura,3,
thermal performance,3,
environmental change,3,
polar bears,3,
assisted colonisation,3,
hedgerows,3,
hunting,3,
diseases,3,
human mobility,3,
infectious disease,3,
d,3,
nutrition,3,
EIDs,3,
boreal conifer forest,3,
herbivory,3,
Ecuador,3,
climatic factors,3,
overgrazing,3,
habitat degradation,3,
arid shrublands,3,
arid grasslands,3,
land management,3,
mesic savannas,3,
Sahel,3,
Andes,3,
Himalayas,3,
Lianas,3,
water stress,3,
grass,3,
Scotland,3,
soil organic carbon,3,
peatland carbon,3,
peat subsidence,3,
thaw,3,
nitrous oxide emissions,3,
freshwaters,3,
carbon dioxide,3,
relative humidity,3,
population density,3,
GMST increases,3,
global terrestrial area,3,
human population density,3,
Northwest Territories,3,
lightning,3,
tree regeneration,3,
tropical dry forests,3,
insect infestations,3,
forest area,3,
Sweden,3,
human settlements,3,
ecosystem carbon,3,
increased atmospheric CO2,3,
national parks,3,
statistical models,3,
phenotypic plasticity,3,
Risk Assessment,3,
IUCN Red List criteria,3,
hydrologic connectivity,3,
southern Europe,3,
model projections,3,
CMIP5,3,
global biodiversity loss,3,
carnivores,3,
arboviruses,3,
benchmarking,3,
2,3,
vegetation structure,3,
novel ecosystems,3,
s,3,
vegetation shifts,3,
native forests,3,
fire probability,3,
Tropical forest,3,
moist tropical forests,3,
drought conditions,3,
Sri Lanka,3,
global temperature,3,
extensive forest dieback,3,
water yield,3,
peat,3,
Feedbacks,3,
CH4 emissions,3,
impoundments,3,
shallow lakes,3,
dry inland waters,3,
drinking water,3,
surface waters,3,
springs,3,
freshwater fisheries,3,
commercial fisheries,3,
ecological consequences,3,
riparian vegetation,3,
ation,3,
ecosystem carbon losses,3,
forest degradation,3,
nature conservation,3,
watercourses,3,
people,3,
Paris Agreement,3,
evolutionary changes,3,
conservation planning,3,
adaptation actions,3,
stepping stones,3,
high agreement,3,
degraded tropical peatlands,3,
extreme climatic events,3,
conservation policy,3,
pilot studies,3,
trees,3,
coastal habitats,3,
water conservation,3,
pest control,3,
EPA Network,3,
IKLK,3,
schistosomiasis,3,
endemicity,3,
disease control,3,
drivers,3,
Direction of Change,3,
warmer temperatures,3,
Latin America,3,
Climate Change Adaptation Manual,3,
assisted migration,3,
Namibia,3,
African penguin,3,
Birdlife International,3,
Joshua tree,3,
Joshua trees,3,
Bhopal,3,
societal benefits,3,
restoration projects,3,
Acacia nilotica,3,
Baluran National Park,3,
ecosystem resilience,3,
natural environments,3,
climate change risks,3,
natural forests,3,
boreal peatlands,3,
human adaptation,3,
cover crops,3,
Livestock mobility,3,
structural diversity,3,
climate change resilience,3,
aesthetics,3,
heat mitigation,3,
temperate peatland,3,
rainfall patterns,3,
greenhouse gas emissions,3,
soil respiration,3,
Rangeland Ecology,3,
Agroecology,3,
Palaeogeography,3,
Palaeoclimatology,3,
Palaeoecology,3,
Qu,3,
ary,3,
carbon dioxide emissions,3,
Mediterranean ecosystems,3,
Ecological Modelling,3,
Forest Science,3,
Western United States,3,
Global Environmental Change,3,
PLoS Neglected Tropical Diseases,3,
Biogeography,3,
Circumpolar Health,3,
Environmental Pollution,3,
fasciolosis,3,
dilution effect,3,
amphibian declines,3,
plant science,3,
northern lakes,3,
Aquatic Conservation,3,
Insect Conservation,3,
Royal Society of London,3,
Regional Environmental Change,3,
sea level rise,3,
Hydrological Sciences,3,
CO2 fertilization,3,
forest ecosystems,3,
Water Resources Research,3,
Amazon forests,3,
Linnean Society,3,
PLoS Biology,3,
IPCC Special Report,3,
global greenhouse gas emission pathways,3,
global terrestrial net primary production,3,
terrestrial water storage,3,
Bangladesh,3,
ES,3,
Climate Dynamics,3,
dengue epidemics,3,
range expansion,3,
Springer International Publishing,3,
Natural Hazards,3,
climate change scenarios,3,
Last Glacial Maximum,3,
anthropogenic warming,3,
protected area network,3,
Townsend Peterson,2,
ecosystem types,2,
ice cover,2,
water temperature profiles,2,
wildlife diseases,2,
bats,2,
ponds,2,
lemuroid ringtail possum,2,
Bramble Cay melomys,2,
storm surge,2,
genetic changes,2,
increased,2,
thermal habitat,2,
savannah,2,
Timber cutting,2,
tree death,2,
global ecosystem service,2,
soils,2,
unextracted fossil fuels,2,
ecosystem carbon stocks,2,
adaptation planning,2,
global land,2,
extinction projections,2,
treeless tundra,2,
peatland drying,2,
carbon dioxide fluxes,2,
ecosystem protection,2,
heterogeneity,2,
management intervention,2,
genetic adaptation,2,
global extinctions,2,
local knowledge,2,
anthropogenic pressures,2,
flood risk management,2,
food supply,2,
wood,2,
aquatic ecosystems,2,
migration patterns,2,
global mean temperatures,2,
key ecosystems,2,
evolutionary processes,2,
invasive alien species,2,
coastal regions,2,
FAO,2,
Intergovernmental Platform,2,
ecosystem states,2,
tipping points,2,
dec,2,
soil formation,2,
cultural services,2,
quality of life,2,
Global Biodiversity Assessment,2,
ecological changes,2,
Ocean acidification,2,
changes,2,
pixel area,2,
global level,2,
river flow,2,
rising sea levels,2,
Extreme,2,
disturbance regime,2,
evolutionary history,2,
compounding events,2,
changing rainfall patterns,2,
dispersal ability,2,
surface temperature,2,
inland standing waters,2,
aquatic insects,2,
human activity,2,
lake surface waters,2,
Data sources,2,
north temperate lakes,2,
nutrient dynamics,2,
water storage variation,2,
broad geographic regions,2,
surface water extent,2,
flow regimes,2,
intermittent winter ice cover,2,
river ice duration,2,
woody debris,2,
food sources,2,
deserts,2,
farming,2,
biota,2,
river geomorphology,2,
phytoplankton communities,2,
fish communities,2,
lake mixing regimes,2,
evaporation,2,
wetland,2,
natural communities,2,
extreme event,2,
northeast Pacific,2,
MHWs,2,
physiological thresholds,2,
recruitment,2,
maximum air temperatures,2,
Antarctica,2,
Wisconsin lakes,2,
drought extremes,2,
life cycle,2,
resistance,2,
range edges,2,
extreme heat events,2,
early warning system,2,
wildlife management,2,
corals,2,
omes,2,
terrestrial systems,2,
elevational range shifts,2,
local population extinctions,2,
forest pests,2,
western spruce budworm,2,
coregonids,2,
smelt,2,
Idaho,2,
Range contractions,2,
community turnover,2,
temperature extremes,2,
local extinction rates,2,
local extinctions,2,
populations,2,
museum specimens,2,
plant species,2,
community change,2,
local richness,2,
homogenization,2,
community composition,2,
regional warming,2,
community composition changes,2,
range shift,2,
simplified food web structures,2,
mechanistic understanding,2,
ch,2,
growing seasons,2,
seabirds,2,
continents,2,
global warming hiatus,2,
farmers,2,
spring warming,2,
winter chilling,2,
autumn senescence,2,
autumn phenologies,2,
Austria,2,
breeding phenology,2,
survival,2,
body mass,2,
habitat,2,
climate niche breadth,2,
range limit shift,2,
trailing elevational edges,2,
dry range edges,2,
maximum temperature,2,
spawning,2,
growing season,2,
reduced ice cover,2,
prolonged thermal stratification,2,
migration,2,
reproduction,2,
vernalisation,2,
winter warming,2,
terrestrial animals,2,
Lepidoptera,2,
upper thermal limits,2,
colour changes,2,
selection,2,
metabolism,2,
fresh waters,2,
melanism,2,
phenotypic diversity,2,
North American migratory birds,2,
physiological constraints,2,
geographic patterns,2,
disease vectors,2,
non-climatic drivers,2,
geographic distribution,2,
domestic animals,2,
health care,2,
socioeconomic status,2,
helminths,2,
bacteria,2,
helminth pathogens,2,
parasitism,2,
chytridiomycosis,2,
chytrid infection,2,
elevational distribution,2,
biological invasion,2,
phenological change,2,
range margins,2,
Drosophila melanogaster,2,
genetic variation,2,
endangered wildlife,2,
private landowners,2,
animal communities,2,
wildlife trade,2,
zoonoses,2,
Baltic States,2,
albopictus,2,
spiritual value,2,
One Biosecurity,2,
Ebola,2,
West Nile fever,2,
factors,2,
bi,2,
grassland systems,2,
biome shift,2,
upslope shifts,2,
Russia,2,
poleward forest shifts,2,
plants,2,
shrub growth,2,
CO2 levels,2,
leaf area,2,
herbaceous production,2,
heavy grazing,2,
vegetation mortality,2,
reduced vegetation cover,2,
water deficit,2,
functional composition,2,
F,2,
holm oak,2,
Italy,2,
plant cover,2,
temporal variation,2,
fuel aridity,2,
tropical savannas,2,
forest expansion,2,
UC,2,
woody expansion,2,
alpine grasslands,2,
grassland productivity,2,
tropical forest cover,2,
central Amazon,2,
African forests,2,
carbon sink saturation,2,
forest fragmentation,2,
causal factors,2,
net primary productivity,2,
fire prevention,2,
forest species composition,2,
forest plantations,2,
mining,2,
prolonged dry seasons,2,
haze pollution,2,
regional,2,
large,2,
peat oxidation,2,
carbon accumulation,2,
plant communities,2,
peat accumulation,2,
anthropogenic disturbance,2,
robust,2,
warmer,2,
moose,2,
tundra ecosystems,2,
permafrost thawing,2,
forestry practices,2,
tropical areas,2,
livestock pastures,2,
coarse woody debris,2,
small trees,2,
fire frequencies,2,
deciduous forests,2,
northern Australia,2,
doubled burned area,2,
human factors,2,
intensification,2,
human influence,2,
southeastern Australia,2,
grass cover,2,
Portugal,2,
forestation,2,
fire weather season,2,
fire weather conditions,2,
background mortality,2,
tropical trees,2,
baobab trees,2,
cork oaks,2,
bark beetle infestations,2,
increased temperatures,2,
European countries,2,
detritivores,2,
cosystem,2,
carbon density,2,
tropical rainforest,2,
vegetation carbon stocks,2,
spatial variability,2,
humid tropics,2,
degradation,2,
oil palm plantations,2,
mangrove forests,2,
gross primary productivity,2,
Global terrestrial NPP,2,
subtropical regions,2,
longevity,2,
NPP,2,
GPP,2,
cyanobacteria blooms,2,
autotrophs,2,
weather conditions,2,
lake morphology,2,
biotic interactions,2,
grassland ecosystems,2,
Non-climate factors,2,
urban area,2,
permafrost areas,2,
growing,2,
precipitation patterns,2,
emission scenarios,2,
general circulation models,2,
Mechanistic models,2,
topographic diversity,2,
confidence statements,2,
range loss,2,
stressors,2,
extinctions,2,
freshwater wetlands,2,
range expansions,2,
turtles,2,
Albertine Rift,2,
demography,2,
AR4,2,
GSAT warming,2,
local biodiversity loss,2,
landcover layer,2,
habitat destruction,2,
burning embers diagram,2,
quantile regression,2,
GSAT increase,2,
grasses,2,
frogs,2,
2°C,2,
4°C,2,
mass extinction,2,
species survival,2,
Lyme disease,2,
socioeconomic conditions,2,
dynamic global vegetation models,2,
global carbon budgets,2,
multiple,2,
air quality,2,
atmospheric,2,
canopy structure,2,
robustness,2,
ecosystem shifts,2,
Morocco,2,
Sonoran Desert ecosystems,2,
extreme fire weather,2,
extreme wildfire events,2,
simulation,2,
tropical forest biome,2,
Brazilian Cerrado,2,
natural areas,2,
temperate species,2,
subtropical Americas,2,
species abundance,2,
biogeochemical cycles,2,
oil palm,2,
acacia,2,
rubber plantations,2,
Yunnan Province,2,
deciduous trees,2,
east Siberian taiga,2,
peatland area,2,
CO2 fertilisation effect,2,
climate system,2,
high northern latitudes,2,
vegetation models,2,
simulations,2,
Amazon forest loss,2,
plant functional groups,2,
woody plant growth,2,
projections,2,
soil carbon stocks,2,
projected risks,2,
human pressure,2,
US national parks,2,
US,2,
climate change scenario,2,
Egypt,2,
freshwater protected areas,2,
river reaches,2,
integrated protection,2,
climate change refugia,2,
global mean fire frequency,2,
carcinogenic trihalomethanes,2,
population growth,2,
human population growth,2,
human exposure,2,
global temperature increase,2,
high fire probability,2,
tipping point,2,
South Wales,2,
sparse tree cover,2,
Amazon rainforests,2,
physiological traits,2,
carbon budget,2,
permafrost regions,2,
permafrost area extent,2,
deep,2,
surface hydrology,2,
northern latitudes,2,
savanna ecosystems,2,
Australian savannas,2,
treeless areas,2,
carbon flux,2,
animal composition,2,
trophic cascades,2,
herbivores,2,
roughness,2,
climate system dynamics,2,
vegetation growth,2,
climate feedback,2,
water management,2,
climate feedbacks,2,
biophysical feedbacks,2,
respiration,2,
exposed sediments,2,
water retention time,2,
lake stratification,2,
ebullition,2,
ecosystem productivity,2,
land ecosystems,2,
land surface temperature,2,
drinking water quality,2,
water scarcity,2,
groundwater recharge,2,
lake ice,2,
lake warming,2,
water use,2,
hydropower,2,
snowpack,2,
ecosystem structure change,2,
key risks,2,
extreme climate events,2,
tropical grassy ecosystems,2,
extreme temperatures,2,
wood production,2,
R,2,
transitions,2,
natural regeneration,2,
GMST,2,
prescribed burning,2,
infrastructure expansion,2,
natural spaces,2,
happiness,2,
sequestration,2,
adaptation strategy,2,
Biological Diversity,2,
NbS,2,
ecosystem service provision,2,
evolutionary adaptation,2,
ecosystem degradation,2,
terrestrial habitats,2,
Wetland restoration,2,
native herbivores,2,
Assisted translocation,2,
Ex situ conservation,2,
habitat patches,2,
microclimate conditions,2,
biological communities,2,
benthic invertebrates,2,
evaporative cooling,2,
evidence base,2,
Natural flood management,2,
fish stocks,2,
coral reefs,2,
oyster reefs,2,
Local climate regulation,2,
precipitation regimes,2,
local nature reserves,2,
control,2,
natural fire regimes,2,
native grassland species,2,
drought frequency,2,
agreement,2,
hydrological services,2,
NFM,2,
green roofs,2,
ENCA,2,
Hawaiian honeycreepers,2,
avian malaria,2,
epidemics,2,
ciguatera fish poisoning,2,
West Nile virus,2,
cattle,2,
sanitation,2,
coastal Vibrio cholerae,2,
water access,2,
public health conditions,2,
outbreaks,2,
malaria control,2,
V,2,
outheast Asia,2,
Mediterranean regions,2,
southern,2,
Vibrio infections,2,
Chesapeake Bay,2,
financial resources,2,
ecosystem restoration projects,2,
habitat creation,2,
geographic breeding range,2,
Chamaecrista fasciculata,2,
Chequered Skipper,2,
Belgium,2,
conservation purposes,2,
glacial retreat,2,
species distribution,2,
Andean pastoralists,2,
Vicuña,2,
indigenous communities,2,
pastoralists,2,
penguins,2,
food resources,2,
breeding colonies,2,
natural vegetation,2,
African penguin chicks,2,
rehabilitation,2,
Pleistocene,2,
Holocene,2,
spatial analyses,2,
plant species composition,2,
TWWHA,2,
pencil pine,2,
Bhojtal,2,
degraded peatlands,2,
healthy ecosystems,2,
mitigation value,2,
GHGs,2,
sustainable use,2,
forested areas,2,
natural forest ecosystems,2,
Cambodia,2,
adaptive management pathways,2,
native biodiversity,2,
regime shifts,2,
ecosystem goods,2,
landscape planning,2,
regulation,2,
soil health,2,
synergies,2,
organic agriculture,2,
soil carbon,2,
climatic variability,2,
food systems,2,
climate stress,2,
Atlantic Forest,2,
organic farming,2,
climate scenarios,2,
investment,2,
food production,2,
uncertainties,2,
forest,2,
coastal protection,2,
stormwater absorption,2,
rangelands,2,
dairy production,2,
medicinal plants,2,
fuel wood,2,
flood management,2,
transpiration,2,
mental health,2,
greenhouse gases,2,
Mac,2,
Transparency,2,
adaptation options,2,
monitoring,2,
renewable energy,2,
BECCS,2,
European birds,2,
stream flow,2,
food,2,
non-forested ecosystems,2,
functional traits,2,
southeast Australia,2,
physiological mechanisms,2,
Peninsular Malaysia,2,
and Emergency Service Authorities Council,2,
California drought,2,
BMC Infectious Diseases,2,
Agricultural Systems,2,
tree cover,2,
biodiversity hotspot,2,
spruce beetle outbreak,2,
Great Lakes water levels,2,
Great Lakes Research,2,
peat swamp forest,2,
Drained Tropical Peatlands,2,
distribution models,2,
large herbivores,2,
megafauna,2,
climatic drivers,2,
Trophic rewilding,2,
monocultures,2,
carbon burial,2,
interannual variability,2,
Southern Great Plains,2,
marine protected areas,2,
species distribution models,2,
Defaunation,2,
Bioscience,2,
Preventive Veterinary Medicine,2,
invasive plant species,2,
multiple stressors,2,
E,2,
Environmental Factors,2,
forest landscapes,2,
Vegetation fires,2,
Ecosystem Collapse,2,
Malaria Transmission,2,
Semiarid Ecosystems,2,
Western US,2,
International Journal,2,
Batrachochytrium dendrobatidis,2,
cacao agroforestry systems,2,
Heredity,2,
southern Amazonia,2,
Bushmeat,2,
plant species richness,2,
tree community,2,
Amazon carbon sink,2,
tropical forest fragmentation,2,
Mojave Desert,2,
Environmental Modelling,2,
heatwave,2,
evidence directory,2,
drylands,2,
American Geographers,2,
Anthropogenic influence,2,
tropical forest degradation,2,
Java,2,
community responses,2,
New York Academy of Sciences,2,
Yale University Press,2,
nature connectedness,2,
Medical Microbiology,2,
mountain summits,2,
Argentina,2,
Climate change vulnerability,2,
IUCN Species Survival Commission,2,
health risks,2,
Land tenure,2,
research,2,
AEDES,2,
Inner Mongolia,2,
conservation status,2,
Physical Science Basis,2,
Insect Science,2,
South African savanna,2,
life stage,2,
range contraction,2,
The Lancet Planetary Health,2,
organic soils,2,
Conservation Physiology,2,
Soil Biology,2,
forest fire,2,
conservation priorities,2,
biodiversity change,2,
Vibrio parahaemolyticus,2,
climatic conditions,2,
planetary health,2,
Anolis lizards,2,
sustainable agriculture,2,
Ethiopia,2,
malaria vectors,2,
altitudinal distribution,2,
Risk factors,2,
tropical peatland restoration,2,
Hydrobiology,2,
Australian wildfires,2,
Natural climate solutions,2,
CRC Press,2,
global forests,2,
foraging,2,
Global Fire Activity,2,
Environmental Health,2,
eThekwini Municipality,2,
Forest Entomology,2,
ions,2,
climate variation,2,
cities,2,
Impact Assessment,2,
Forest Policy,2,
bark beetle outbreaks,2,
water use efficiency,2,
climate action,2,
ustainability,2,
GeoHealth,2,
terrestrial protected areas,2,
water relations,2,
Tree diversity,2,
Land Use Policy,2,
Biological responses,2,
East African highlands,2,
warming climate,2,
oxidative peat decomposition,2,
Assisted colonization,2,
Tanzania,2,
Life Sciences,2,
terrestrial carbon sink,2,
Hydrology Research,2,
geographical distribution,2,
Biotropica,2,
eastern,2,
Zimbabwe,2,
Biogeochemistry,2,
Ixodes scapularis,2,
Boreal Environment Research,2,
Bioge,2,
ecosystem service indicators,2,
Landscapes,2,
river temperature,2,
PLoS,2,
terrestrial biodiversity,2,
Fasciola hepatica,2,
artificial nests,2,
Environmental,2,
agricultural landscapes,2,
cience,2,
invasive alien plants,2,
The Lancet,2,
forest dynamics,2,
fitness,2,
Drosophila species,2,
Biosecurity,2,
global drylands,2,
species vulnerability,2,
Climate drivers,2,
Norway spruce forests,2,
northern permafrost region,2,
GCB Bioenergy,2,
tropical peatland,2,
Distribution,2,
sustainable food systems,2,
Environmental Health Perspect,2,
extreme rainfall events,2,
Norwegian Polar Institute,2,
Health Geographics,2,
rewilding,2,
global tropics,2,
thermal extremes,2,
wildfire risk,2,
Canadian boreal forest,2,
Southern California chaparral,2,
Vegetation Science,2,
biodiversity areas,2,
amphibian chytrid fungus,2,
Costa Rica,2,
Geoscientific Model Development,2,
Vibrio cholerae,2,
Holocene carbon accumulation,2,
Nature Immunology,2,
repeat photography,2,
Elevated CO2,2,
Forestry,2,
terrestrial carbon cycle,2,
forest disturbance regimes,2,
Texas,2,
soil carbon sequestration,2,
Global Change Research Program,2,
climate forcing,2,
Environmental Sustainability,2,
ecoregions,2,
The Lancet Countdown,2,
World Bank,2,
Morecroft,1,
y,1,
Postigo,1,
Semenza,1,
Pramod Kumar Singh,1,
Strutz,1,
physiology,1,
global climate changes,1,
climatic hazards,1,
IPCC 5th Assessment Report,1,
spring phenological events,1,
regional climate changes,1,
quantitative observations,1,
reduced connectivity,1,
river morphology,1,
substrate composition,1,
oxygen concentrations,1,
Dissolved oxygen concentrations,1,
boreal freshwaters,1,
disease severity,1,
outbreak frequency,1,
helminth worms,1,
Forest insect pests,1,
northern North America,1,
northern Eurasia,1,
ephemer,1,
intensive censuses,1,
amphibian populations,1,
Controlled selection experiments,1,
structural changes,1,
browsing,1,
increased tree death,1,
Fire seasons,1,
vegetated areas,1,
ecosystem carbon emissions,1,
boreal forest areas,1,
forest insect communities,1,
Intact tropical rainforests,1,
service provision,1,
median values,1,
IUCN Red List categories,1,
ecosystem,1,
median,1,
wildfire frequency,1,
increasing global temperatures,1,
biosphere,1,
earth system models,1,
increased ecosystem carbon losses,1,
human adaptation actions,1,
natural habitat extent,1,
redundancy,1,
early warning systems,1,
behavioural changes,1,
local climatic changes,1,
climatic limits,1,
evidence gap,1,
resilience building,1,
site management plans,1,
habitat connectivity,1,
climatic risks,1,
overheating,1,
EbA techniques,1,
rural areas,1,
inclusive governance,1,
Interdisciplinary scientific information,1,
practical expertise,1,
Climate Resilient Development Protection,1,
human society,1,
coupled systems,1,
ILLNESS,1,
fibre production,1,
natural grasslands,1,
local biodiversity,1,
energy,1,
ecosystem stewardship strategies,1,
domestic biodiversity,1,
human greenhouse gas emissions,1,
Human interventions,1,
Knowledge gaps,1,
seasonal activities,1,
isk assessments,1,
dam construction,1,
islands,1,
Global Environmental Outlook,1,
international sustainability goals,1,
thermal regimes,1,
biological interactions,1,
6,1,
climate change mitigation scenarios,1,
UN,1,
SDGs 2030,1,
Traceability,1,
Uncertainty Assessments,1,
biological systems,1,
taxonomic bias,1,
Southern Hemisphere,1,
biological records,1,
natural variability,1,
geographic area,1,
local confounding factors,1,
climate metrics,1,
biological species,1,
study methodology,1,
reported range shifts,1,
food provision,1,
flood control,1,
artistic inspiration,1,
detrimental contributions,1,
social viewpoints,1,
ecosystem feedbacks,1,
Global ecological assessments,1,
IPBES Global Assessment Report,1,
montane regions,1,
propagules,1,
Amazon rainforest dieback,1,
tundra permafrost thaw,1,
primary productivity changes,1,
marine species distribution,1,
Coastal ecosystem changes,1,
physical climate systems,1,
environmental resources,1,
altered climate variability,1,
multiple climate hazards comp,1,
Non-climatic hazards,1,
pollution,1,
interactive effects,1,
satellite records,1,
global tree canopy,1,
short vegetation,1,
runoff patterns,1,
water levels,1,
disturbance regime changes,1,
cyclones,1,
impact models,1,
Ecosystem functionality,1,
extreme episodic events,1,
internal variability,1,
extreme storms,1,
sequential events,1,
compounding effects,1,
extreme coastal high tide,1,
flooding hazard,1,
nutrient allocation,1,
herbivore rates,1,
Australian eucalypt forests,1,
Risk assessments,1,
climate hazard,1,
changing variability,1,
High climate velocity,1,
incomplete range filling,1,
ers,1,
human modifications,1,
representative concentration pathway,1,
heat events,1,
positive feedbacks,1,
observational studies,1,
climate modelling,1,
formal causal relationships,1,
multiple drivers,1,
agricultural water demands,1,
climate state,1,
Oxygen Availability,1,
Global warming rates,1,
lake surface water temperatures,1,
aquatic organisms,1,
river surface water temperature,1,
water temperature trends,1,
latitudinal gradient,1,
northern Polar Regions,1,
polar amplification,1,
surface water temperature,1,
surface temperatures,1,
inverse thermal stratification,1,
increased water temperature,1,
deep waters,1,
deepest water layers,1,
hypoxic conditions,1,
complete mixing events,1,
lake water budgets,1,
cumulative effect,1,
hydrological changes,1,
anthropogenic hydrological influences,1,
temporary ponds,1,
glacial melt water,1,
Water storage increases,1,
glacier melt,1,
water extent,1,
global river flow,1,
LANDSAT imagery,1,
glacial melt,1,
Global map,1,
median trend,1,
annual mean river flow,1,
snow accumulation,1,
lake area,1,
continuous permafrost,1,
river flows,1,
southern Australia,1,
perennial rivers,1,
intermittent rivers,1,
freshwater fish,1,
snowpack extent,1,
snowmelt,1,
altered precipitation patterns,1,
flow intermittency,1,
river,1,
enhanced polar warming,1,
large geographic coverage,1,
glaciers,1,
snow,1,
Global ice cover trends,1,
Northern Hemisphere lakes,1,
air temperature projections,1,
Northern Hemisphere river ice duration,1,
Reference period isolines,1,
Coloured areas,1,
Grey land areas,1,
severe floods,1,
river ecosystems,1,
moderate floods,1,
habitat complexity,1,
river habitat diversity,1,
aquatic species,1,
extreme flood events,1,
instream habitat,1,
extreme wind event,1,
wind speed,1,
contaminant concentrations,1,
nutrients,1,
surface water temperatures,1,
lake surface temperatures,1,
lake heat waves,1,
monomictic lakes,1,
mixing event,1,
mixing behaviour,1,
global annual lake evaporation,1,
latent heat flux,1,
lake water storage,1,
individual lakes,1,
water storage projection uncertainty,1,
lake management,1,
Climatic Extremes,1,
Polar Natural Systems,1,
population abundance,1,
local extirpations,1,
physical habitat,1,
flood,1,
survivable extreme weather events,1,
local extinction events,1,
natural resource managers,1,
Marine Heat Waves,1,
upper ocean temperature anomalies,1,
enhanced surface water stratification,1,
nutrient supply,1,
community production,1,
coastal ecosystems,1,
mass strandings,1,
marine mammals,1,
seabird mortalities,1,
high temperature anomalies,1,
fish species,1,
distributional shifts,1,
positive feedback,1,
Arctic region,1,
polar organisms,1,
sea ice melting,1,
osmotic stress,1,
pH homeostasis,1,
polar food chains,1,
cascading effects,1,
ocean heat content,1,
marine food web,1,
phytoplankton species,1,
concom,1,
oyster farm closures,1,
common guillemots,1,
puffins,1,
Pacific cod,1,
metabolic demand,1,
prey supply,1,
Terrestrial Heat Waves,1,
small endotherms,1,
lethal hyperthermia,1,
dehydration,1,
wildlife management agencies,1,
mortality events,1,
fruit bats,1,
Passerine birds,1,
hyperthermia,1,
42°,1,
average,1,
heat wave,1,
East Antarctica,1,
minimum temperatures,1,
Record high temperatures,1,
West Antarctica,1,
heating,1,
arid polar ecosystems,1,
air temperature anomalies,1,
melting permafrost,1,
Freshwater Extremes,1,
biogeochemical functioning,1,
abnormally high water temperatures,1,
oxygen stress,1,
metabolic demands,1,
lower oxygen concentrations,1,
fish kill events,1,
high water temperatures,1,
natural community,1,
coral bleaching,1,
large spatial areas,1,
regional droughts,1,
high water temperature,1,
water extraction,1,
habitat extent,1,
reserves,1,
marine systems,1,
high habitat specificity,1,
low dispersal ability,1,
long generation times,1,
low competitive ability,1,
flying fox,1,
physiological temperature threshold,1,
misting populations,1,
caster,1,
online tool,1,
weather forecasts,1,
conservation agencies,1,
cascading interactions,1,
competitive interactions,1,
kelp,1,
dominant tree species,1,
keystone species,1,
macrophytes,1,
ecosystem tipping points,1,
chronic stress,1,
disturbed areas,1,
shorter,1,
frames,1,
Freshwater habitats,1,
Ramsar Convention on Wetlands,1,
Regional chapters,1,
Observed Range Shifts,1,
ecological responses,1,
highly degraded lands,1,
confounding variables,1,
spruce beetles,1,
Utah,1,
poleward expansions,1,
major insect pest,1,
mild winters,1,
overwinter survival,1,
separate species distribution models,1,
highly stressed fir trees,1,
freshwater fish populations,1,
equatorial borders,1,
Upward elevational range shifts,1,
regional variation,1,
Bull trout,1,
headwater stream lengths,1,
early juvenile rearing,1,
Rocky Mountains watershed,1,
stonefly Zapada glacier,1,
Glacier National Park,1,
Montana,1,
glacial masses,1,
water discharge,1,
glacial cover,1,
geographic extent,1,
population size,1,
freshwater cyanobacterium,1,
Cylindrospermopsis,1,
temperate zones,1,
competitive,1,
eutrophic systems,1,
climatic stressors,1,
population abundances,1,
precipiation variability,1,
hottest yearly temperatures,1,
climatic stress,1,
temperate habitats,1,
temperate zone,1,
tropical sites,1,
Freshwater population,1,
alien species,1,
local fish kills,1,
invertebrate species,1,
mean annual stream winter temperature,1,
biting midge,1,
Chironomidae,1,
flatworm,1,
Brianne river,1,
high montane possums,1,
physiological tolerance,1,
chytridiomycosis infection,1,
fungal pathogen,1,
golden toad populations,1,
genetic analyses,1,
frog species,1,
tropical amphibians,1,
Melomys,1,
icola,1,
Torres Strait Islands,1,
mammal,1,
tropical cyclones,1,
herbacious vegetation,1,
food resource,1,
island inundation,1,
extreme weather,1,
ops,1,
decreased richness,1,
bumble bee species,1,
timing,1,
general climatic limits,1,
lowland forest herbaceous plants,1,
freshwater community composition,1,
floating macrophytes,1,
Geothermal streams,1,
fish size distribution,1,
Arctic charr,1,
eurythermal fish,1,
Cyprinus carpio,1,
p,1,
ad,1,
northern temperate lakes,1,
warming trends,1,
predation pressure,1,
grazing pressure,1,
lake mixing,1,
epilimnion,1,
diatom growth,1,
minimal LULCC,1,
zooplankton biodiversity,1,
winter algal biomass,1,
phototropic species,1,
mixotrophic species,1,
ancient tropical lakes,1,
endemic animal species,1,
food web structure,1,
invading species,1,
simulated warming experiments,1,
natives,1,
exotics,1,
phenological,1,
biological invasions,1,
polar regions,1,
evolutionary trajectories,1,
interactions,1,
ecosystem dynamics,1,
ecological interactions,1,
Observed Phenological Responses,1,
Phenological studies,1,
autumn events,1,
animal phenology,1,
expectations,1,
phenological climate debt,1,
time intervals,1,
Mean values,1,
autumn leaf fall,1,
photoperiod,1,
autumn colouring,1,
Annual crops,1,
farmed crops,1,
cultivated trees,1,
European time series,1,
autumn leaf colouring,1,
summer phenologies,1,
Global fingerprints,1,
functional group,1,
Individual analyses,1,
precipitation metrics,1,
poleward range shifts,1,
Probability,1,
relatively undisturbed habitats,1,
functional groups,1,
Geographical region,1,
Agricultural crops,1,
fruit trees,1,
delay,1,
fruit,1,
farming activities,1,
aphids,1,
terrestrial plants,1,
secondary consumers,1,
breeding,1,
relative phenologies,1,
Japan,1,
time series,1,
breeding sites,1,
Long time series,1,
mean delay,1,
summer phenology,1,
fruit ripening,1,
Growing season length,1,
farming season length,1,
Non-threatened species,1,
elevational transects,1,
northern range boundaries,1,
northern species,1,
marine inverterbrates,1,
cold limits,1,
marine invertebrates,1,
Population dynamics,1,
extinction rates,1,
elevational range limits,1,
reproductive rate,1,
contraction,1,
reduced reproductive rates,1,
fitness estimates,1,
diet specialization,1,
historic range limit,1,
habitat limits,1,
dispersal traits,1,
habitat breadth,1,
niche breadths narrowing,1,
elevational gradients,1,
endotherms,1,
Me,1,
cool limit,1,
mountaintop species,1,
warm range edges,1,
rising water temperatures,1,
phen,1,
age,1,
juvenile migration,1,
growth,1,
median return time,1,
Atlantic salmon,1,
Range Shift Responses,1,
exceptions,1,
northern regions,1,
spring flowering,1,
retardation,1,
alpine trees,1,
phenological delay,1,
soil moisture deficit,1,
Arctic freshwater ecosystems,1,
seasonal cues,1,
fish migration,1,
reduced,1,
stream connectivity,1,
peak flows,1,
dry climates,1,
downslope range shifts,1,
population increases,1,
species physiology,1,
metabolic costs,1,
sex ratios,1,
masculinisation,1,
lizard populations,1,
feminisation,1,
turtle populations,1,
Skewed sex ratios,1,
mate shortages,1,
reduced population growth,1,
reduced adaptive potential,1,
increased extinction risk,1,
Behavioural plasticity,1,
plastic taxa,1,
Geographic variation,1,
thermal seasonality,1,
tropical organisms,1,
extreme environments,1,
geographic regions,1,
morphological changes,1,
optimal body type,1,
dietary changes,1,
chipmunk skull morphology,1,
Reduced body size,1,
freshwater bacteria,1,
plankton,1,
smaller species,1,
confounding effects,1,
body size changes,1,
Decreased body size,1,
heat loss,1,
biogeographic patterns,1,
lizards,1,
incre,1,
selection pressures,1,
competition,1,
life histories,1,
rainfall changes,1,
volumetric dimensions,1,
phasmids,1,
genetic structure,1,
thermal melanism hypothesis,1,
thermoregulatory requirements,1,
predator,1,
signalling,1,
migratory species,1,
morphological traits,1,
wing length,1,
migration speed,1,
spring migration,1,
red,1,
metabolic cost,1,
physiological responses,1,
developmental processes,1,
niche models,1,
phylogenetically restricted analyses,1,
invasive interactions,1,
conservation interventions,1,
freshwater wild organisms,1,
geographic expansion,1,
wild animal reservoir hosts,1,
regional climatic changes,1,
disease ecology,1,
medical system,1,
education,1,
human population,1,
microbes,1,
microfilaremia,1,
VBD,1,
flies,1,
extreme high temperatures,1,
severe extreme events,1,
storms,1,
Heavy precipitation events,1,
flow rate,1,
parasite load,1,
aquatic wildlife,1,
breeding habitats,1,
bluetongue virus haemorrhagic disease,1,
host richness,1,
population crashes,1,
host behaviour,1,
arthropod vectors,1,
lengthened transmission seasons,1,
vector population sizes,1,
pathogen prevalence,1,
parasitic nematode lung worm,1,
infection rates,1,
North American musk oxen,1,
pathogenic helminths,1,
statistical analyses,1,
humidity,1,
Infection,1,
catastrophic disease,1,
Andean frog species,1,
thermal mismatch hypothesis,1,
thermal preferences,1,
ecological history,1,
amphibian population,1,
regional climate refugia,1,
connectivity patterns,1,
temperature increases,1,
precipitation changes,1,
Anopheles,1,
Culex,1,
Aedes mosquito vectors,1,
Host animals,1,
High Arctic regions,1,
computational models,1,
reservoir hosts,1,
forested taiga,1,
disease organisms,1,
Culicoides biting midges,1,
deer flies,1,
horseflies,1,
Simuliidae black flies,1,
helminth infections,1,
anthrax,1,
cryptosporidiosis,1,
elaphostrongylosis,1,
filariasis,1,
tularemia,1,
anthrax outbreaks,1,
diseased animal carcasses,1,
Bacillus anthracis spores,1,
anthrax outbreak,1,
Yamal peninsula,1,
rapid permafrost thawing,1,
thick,1,
snow cover,1,
anthrax vaccination,1,
anthrax exposure hazard,1,
vector insect population,1,
immune systems,1,
parasite loads,1,
winter survival,1,
resource extraction,1,
increased commercial transport,1,
infectious agents,1,
introduction risk,1,
pathogen infection,1,
wildlife hosts,1,
local species richness,1,
urban land,1,
zoonotic disease epidemics,1,
food scarcity,1,
human disease incidence,1,
public health access,1,
rodent control programs,1,
infectious human diseases,1,
climate change fingerprints,1,
concurrent changes,1,
estimated,1,
population dynamic trends,1,
North American migratory songbird,1,
yellow warbler,1,
genetic outliers,1,
genomic analyses,1,
population trends,1,
evolutionary constraints,1,
high ambient temperatures,1,
short generation times,1,
host specialisation,1,
individual populations,1,
ia,1,
Pacific Northwest America,1,
chromosome inversion,1,
niche conservatism,1,
species level,1,
stress tolerance,1,
genetic variance,1,
imes,1,
cold tolerances,1,
heat tolerances,1,
optimal performances,1,
phenotypic values,1,
Industrial Revolution,1,
island species,1,
Hybridisation,1,
brown bears,1,
North American rivers,1,
invasive rainbow trout,1,
native cutthroat trout,1,
rainbow trout,1,
climate adaptations,1,
climate space shifts,1,
patterns,1,
sea ice,1,
seals,1,
reintroductions,1,
conservation programs,1,
bears,1,
conservation problem,1,
adverse outcomes,1,
assisted adaptation,1,
frozen embryo banks,1,
protected zones,1,
track climate change,1,
pesticides,1,
herbicides,1,
brush piles,1,
bird boxes,1,
Natural Alliance,1,
sanitation systems,1,
medical community,1,
equitable,1,
socioeconomic development,1,
zoonosis,1,
human intrusion,1,
antimicrobial use,1,
medical buffers,1,
sand flies,1,
kissing bugs,1,
Japanese encephalitis,1,
Vibrio bacteria seafood poisoning,1,
water use containers,1,
parasite development,1,
viral replication,1,
intermediate hosts,1,
helminth parasites,1,
infective larvae,1,
mucus membranes,1,
biodiversity protection,1,
Human encroachment,1,
timber harvests,1,
wild habitats,1,
healthier ecosystems,1,
air,1,
protective clothing,1,
insect repellant,1,
body checks,1,
Food resilience,1,
illegal animal trading,1,
poaching,1,
infected animals,1,
Disease prevention,1,
high food security,1,
disease surveillance,1,
alarm systems,1,
One Health framework,1,
national health authorities,1,
climatic changes,1,
disease transmission patterns,1,
SARS,1,
wildlife interactions,1,
Key Biomes,1,
biome spatial distributions,1,
individual locations,1,
minimal confounding factors,1,
Multivariate statistical analyses,1,
relative weights,1,
quantitative assessment,1,
individual drivers,1,
manipulative experiments,1,
human LULCC,1,
Disturbance variability,1,
grazing regimes,1,
fire suppression policies,1,
disturbance regimes,1,
directional changes,1,
background disturbances,1,
Observed Biome Shifts,1,
anthropogenic land uses,1,
Andes Mountains,1,
deciduous forest,1,
temperate conifer,1,
temperate conifer forest,1,
temperate deciduous forest,1,
temperate shrubland,1,
elevational biome shifts,1,
local land use,1,
upslope forest shift,1,
fire exclusion,1,
woody cover change,1,
mean annual temperature change,1,
higher atmospheric CO2,1,
grazing expansion,1,
biome classification system,1,
Desert,1,
detection methodology,1,
projected climate,1,
arid vegetation productivity,1,
Widespread vegetation greening,1,
4,1,
Plant productivity,1,
altered rainfall seasonality,1,
sagebrush steppe changes,1,
snowpack melt,1,
USGCRP,1,
native grasses,1,
ste,1,
cold deserts,1,
rainfall seasonality shift,1,
succulent species,1,
population resilience,1,
vegetation health,1,
reduced canopy health,1,
canopy water content,1,
charismatic species,1,
Clanwilliam cedar tree,1,
Drought reduced growth,1,
increased mortality,1,
Iberian Peninsula,1,
Portuguese shrublands,1,
evergreen oak species,1,
pyrophytic xeric trees,1,
giant sequoia,1,
conifer species,1,
flexilis,1,
Great Basin,1,
winter precipitation,1,
native annual forbs,1,
Californian grassland,1,
bos,1,
higher temperature preferences,1,
coastal foredune habitats,1,
southern California,1,
woody shrublands,1,
land use factors,1,
fire ignition frequency,1,
wildfire ignition limits,1,
global climatic variability,1,
fire return time,1,
simultaneity,1,
large fires,1,
regions,1,
temperate savannas,1,
Extreme high rainfall anomalies,1,
foliar production,1,
elevated atmospheric CO2,1,
non-,1,
ed biomes,1,
grazing potential,1,
hydrological characteristics,1,
flora,1,
open ecosystems,1,
boreal zones,1,
boreal grassland,1,
tropical tree lines,1,
Eurasian steppes,1,
inner Mongolian grasslands,1,
land abandonment,1,
grazing management shifts,1,
maximum Normalized Difference Vegetation Index,1,
global grassland ecosystems,1,
mean annual precipitation,1,
grassland production,1,
hot areas,1,
grassland responses,1,
cool temperate grassland,1,
longer growing season,1,
tropical deciduous forests,1,
tree line behaviours,1,
tree line,1,
Abies spectabilis,1,
large shrubs,1,
Rhododendron campanulatum,1,
grass ceiling,1,
tree line shifts,1,
suppression,1,
intact,1,
intact tropical forests,1,
reduced growth rates,1,
shorter tree residence times,1,
growth rates,1,
interactive factors,1,
Mortality risk,1,
seasonal rainforests,1,
forest biomass accumulation,1,
species invasion,1,
pathogen spread,1,
potential dieback,1,
regional climates,1,
canopy cover,1,
plant phenology changes,1,
poleward biome shifts,1,
boreal forest ecosystems,1,
global mean surface temperature,1,
deciduous broadleaf tree species,1,
boreal forest growth,1,
deposition,1,
peatland ecosystems,1,
freshwater resources,1,
IPCC AR4,1,
anthropogenic disturbances,1,
peatland ecosystem services,1,
tropical biomes,1,
Low soil moisture,1,
fire propagation,1,
faunal populations,1,
lowland tropical peatland basins,1,
anthropogenic activities,1,
boreal regions,1,
climatic drying,1,
mean annual temperatures,1,
Baltic,1,
Scandinavia,1,
continental Europe,1,
peatland water tables,1,
intact sites,1,
desiccation,1,
sphagnum moss,1,
thick deposits,1,
permafrost peatland,1,
carbon sink capacity,1,
Increasing air temperatures,1,
altered hydrological regimes,1,
thermokarst land subsidence,1,
local wetting,1,
local drying,1,
hydrological connectivity,1,
peatland sites,1,
surface moisture conditions,1,
soil temperature regime,1,
Arctic biomes,1,
positive feedback loop,1,
legacy emissions,1,
PgC emissions,1,
point subsidence,1,
Polar Tundra Warming,1,
sedge abundance,1,
mosses,1,
lichens,1,
bare ground,1,
beavers,1,
songbirds,1,
shrub tundra,1,
thawed permafrost,1,
altered hydrology,1,
enhanced nutrient cycling,1,
Soil moisture status,1,
temperature sensitivity,1,
plant growth,1,
canopy heights,1,
boreal coniferous areas,1,
hydrological intensification,1,
terrestrial productivity,1,
vegetation communities,1,
hydrological control,1,
declining atmospheric sulphur deposition,1,
photosynthetically active radiation,1,
oclines,1,
deep water cooling,1,
seasonal mixing regime,1,
mixed lake,1,
nutrient status,1,
synergistic effects,1,
plankton community food webs,1,
heterotrophic metabolism,1,
bacterial community,1,
low light intensities,1,
toxin levels,1,
aquatic communities,1,
regional precipitation patterns,1,
watershed type,1,
food chain,1,
boreal areas,1,
respiratory disease,1,
damage ecosystem integrity,1,
Non-climatic factors,1,
agricultural fields,1,
ignition hazards,1,
vegetation aridity,1,
unnatural fuel accumulation,1,
confidence interval,1,
cumulative burned area,1,
British Columbia,1,
high maximum temperatures,1,
low relative humidity,1,
built area,1,
Global Fire Emissions Database,1,
high burned area,1,
low burned area,1,
global average burned area,1,
cropland area,1,
livestock density,1,
livestock herding,1,
fire ignition,1,
holy days,1,
religious days of rest,1,
human land use,1,
moist humid tropical forests,1,
Extreme droughts,1,
warm phases,1,
extreme fire events,1,
livestock settlement areas,1,
extreme fire year 2019,1,
bush,1,
Victoria,1,
fire canopy damage,1,
northeastern Australia,1,
Southern Annular Mode,1,
fuel loads,1,
domestic livestock,1,
summer maximum temperature,1,
decreased soil moisture,1,
agricultural abandonment,1,
Arctic permafrost regions,1,
ENS,1,
highest daily mean maximum temperature,1,
precipitation cycles,1,
temperature cycles,1,
Antarctic Oscillation,1,
peat draining,1,
wildfire trends,1,
IPCC AR6 WGI,1,
global vegetated area,1,
high grass fuel loads,1,
surface temperature increase,1,
plant regeneration,1,
fynbos vegetation,1,
Cape Floristic Region,1,
exotic plant species,1,
temperature tolerance,1,
heat,1,
Douglas fir,1,
critical thresholds,1,
forest patches,1,
vegetation species composition,1,
Observed tree mortality,1,
idity,1,
Catastrophic failure,1,
hydraulic system,1,
xylem,1,
attribution analyses,1,
North American tree mortality,1,
global analyses,1,
rapid mortality,1,
dominant species,1,
accelerating mortality rates,1,
tree,1,
mesic genera,1,
ENSO warm phases,1,
tree mortality rates,1,
tree biodiversity,1,
Algeria,1,
Atlas cedar,1,
spring temperature increase,1,
digitata,1,
savanna trees,1,
Tunisia,1,
temperate ecosystems,1,
Lodgepole pine,1,
piñon pine,1,Encoding
edulis,1,
montane conifer forest,1,
mortality rates,1,
ponderosa pine,1,
sugar pine,1,
lambertiana,1,
Bulgaria,1,
maximum winter temperature,1,
spring precipitation,1,
Czech Republic,1,
Poland,1,
Slovakia,1,
logging,1,
Ukraine,1,
Moldova,1,
southern France,1,
Norway spruce,1,
animal abundance changes,1,
high tree mortality,1,
bird abundances,1,
flying mammals,1,
peat burning,1,
anthropogenic emissions,1,
forest growth,1,
ecosystem carbon rem,1,
als,1,
Global terrestrial ecosystems,1,
tropical evergreen broadleaf forests,1,
carbon densities,1,
high soil carbon densities,1,
peat bogs,1,
Ireland,1,
Cuvette Centrale swamp forest peatlands,1,
mangrove peatlands,1,
soil carbon stock,1,
upper estimates,1,
terrestrial ecosystem carbon,1,
vascular plant species richness,1,
animal species richness,1,
correlation,1,
genus richness,1,
tree abundance,1,
maximum height,1,
vertebrate species richness,1,
illegal deforestation,1,
net emissions,1,
high biodiversity areas,1,
primary tropical forest,1,
Amazon fires,1,
average ecosystem carbon emissions,1,
seasons,1,
global ecosystem carbon,1,
Primary,1,
tree age classes,1,
permanent forest cover losses,1,
rem,1,
boreal forest carbon balances,1,
mountain pine beetle infestations,1,
regrowth,1,
forest mortality area,1,
livestock areas,1,
Amazon carbon loss,1,
undisturbed forest,1,
intentional burning,1,
deforestation emissions,1,
primary forest area,1,
reg,1,
soil carbon deposits,1,
terrestrial primary productivity,1,
cloud cover,1,
NDVI,1,
Global terrestrial GPP,1,
Global forest area,1,
secondary forests,1,
plant mortality,1,
soil carbon responses,1,
secondary forest regrowth,1,
global vegetation productivity,1,
tree rings,1,
groundwater storage,1,
atmospheric vapour,1,
semiarid,1,
arid lands,1,
rain CO2 fertilisation,1,
tropical tree growth,1,
freshwater ecosystem productivity,1,
phytoplankton growth rates,1,
thermal stratification,1,
hypertrophic lakes,1,
Freshwater cyanobacteria,1,
elevated CO2 concentrations,1,
Macrophyte growth,1,
phytoplankton concentrations,1,
phytoplankton production,1,
algae,1,
Thousand Oaks,1,
Los Angeles,1,
livestock herders,1,
tree crowns,1,
heat phenomenon,1,
satellite data,1,
taxonomic groupings,1,
spring timing,1,
winter warming driving,1,
delayed spring timing,1,
northern temperate species,1,
chilling requirements,1,
phenological changes,1,
terrestrial species,1,
upward range shifts,1,
spring plankton development,1,
reduced river connectivity,1,
nutrient rich lakes,1,
algal formations,1,
stoichiometry,1,
restoration measures,1,
food web interactions,1,
boreal coniferous forest,1,
deep water,1,
DOM,1,
low light intensity,1,
habitat gaps,1,
Tibet,1,
open areas,1,
community interactions,1,
pe,1,
burnable land area,1,
South,1,
western Asia,1,
Projected Impacts,1,
risk assessment framework,1,
hazardous events,1,
limited,1,
behavioural constraints,1,
limited dispersal abilities,1,
restricted resource requirements,1,
coldest habitats,1,
limited geographic ranges,1,
restricted habitats,1,
Ecosystem vulnerability,1,
community biomass,1,
geographic areas,1,
urat,1,
RCPs,1,
baselines,1,
climate model data,1,
connectivity constraints,1,
GCMs,1,
biological processes,1,
dispersal distances,1,
slope aspect,1,
population extinction,1,
model performance,1,
uncertainty statements,1,
Icons,1,
reliability,1,
community levels,1,
biological traits,1,
expert opinion,1,
biological characteristics,1,
sensitivity,1,
Climate exposure,1,
statistical programs,1,
expert judgment,1,
climate change risk,1,
dispersal rate,1,
spatial projections,1,
protected tropical areas,1,
Extinction risk estimates,1,
extinction debt,1,
endangerment status,1,
single stochastic event,1,
critical habitat,1,
land surface area,1,
overexploitation,1,
stream drying events,1,
spawning habitats,1,
obligate species,1,
salmonids,1,
River networks,1,
tributary refugia,1,
thermal refuges,1,
cold water species,1,
low flows,1,
Community turnovers,1,
emission,1,
Molluscs,1,
Mediterranean freshwater fish,1,
drought events,1,
critical temperature thresholds,1,
European protected areas,1,
rare molluscs,1,
European freshwater fish species,1,
odonates,1,
aquatic insect taxa,1,
hydrological alteration,1,
nutrient emissions,1,
global hydrological model,1,
Global projections,1,
overall range contractions,1,
global average warming,1,
global average temperature increase,1,
range size,1,
local population losses,1,
Colour shading,1,
GSAT warming level,1,
European Space Agency,1,
ESA,1,
legend colours,1,
climate space,1,
global extinction,1,
IUCN criteria,1,
community scale,1,
extinction risks,1,
global sample size,1,
digitization,1,
synthetic analysis,1,
response variable,1,
data outliers,1,
descriptive statistic,1,
quantile estimates,1,
Barrodale and Roberts algorithm,1,
XLSTAT,1,
medium confidence statement,1,
unbiased sample,1,
stipulated temperatures,1,
Thick dark horizontal bars,1,
GS,1,
itudes,1,
biodiversity losses,1,
loss,1,
CMIP5 models,1,
grey band,1,
spatial resolution,1,
caveats,1,
timber species,1,
pines,1,
annelid worms,1,
true bugs,1,
spiders,1,
Chordates,1,
snakes,1,
ungulates,1,
taxonomic group,1,
median estimates,1,
5°C,1,
Maximum estimates,1,
Projected species extinctions,1,
geological timescales,1,
non-climatic stressor,1,
geological record,1,
additonal risk,1,
habitat conversion,1,
reservoir host species,1,
infectious disease risk,1,
consensus,1,
public health interventions,1,
lowland tropical areas,1,
ue,1,
gypti,1,Corrupt
wider thermal breadths,1,
Ross River fever,1,
wildlife populations,1,
Zika viruses,1,
human connectivity,1,
vector species,1,
thermal optima,1,
VBD transmission,1,
multiple parasites,1,
thermal limits,1,
human impacts,1,
mobility,1,
pathogen control measures,1,
gridded climate variables,1,
soil properties,1,
episodic weather extremes,1,
calculated carbon cycling,1,
Simulated biome shifts,1,
structural uncertainty,1,
error propagation,1,
coupling models,1,
IPBES methodological assessment report,1,
datasets,1,
simulated processes,1,
quality scores,1,
individual DGVMs,1,
scoring,1,
integrated modelling,1,
dynamic simulation,1,
DGVMs,1,
Biome Level Climate change,1,
filled symbols,1,
outline symbols,1,
Filled circles,1,Figure
filled squares,1,
filled diamonds,1,
filled triangle pointing up,1,
filled triangle pointing down,1,
filled triangle,1,
filled cross,1,
outlined circle,1,
outlined diamond,1,
IPCC AR3,1,
observational evidence,1,
increasing atmospheric CO2 levels,1,
areal extent,1,
probabilistic methods,1,
savannah regions,1,
temperate forest vegetation,1,
dry tropical forest types,1,
arid vegetation cover,1,
abiotic conditions,1,
arid system structure,1,
savanna systems,1,
CO2 fertilisation effects,1,
Arid Mongolian steppe grassland,1,
North American drylands,1,
southern African arid ecosystems,1,
Dryland woody encroachment,1,
soil water,1,
grass expansion,1,
ecosystem transformation,1,
grassy shrublands,1,
endemic plants,1,
dry woodlands,1,
thermal stress,1,
woody plant mortality,1,
perennial grass replacement,1,
xeric shrubs,1,
extremes,1,
ecological drought,1,
model agreement,1,
M,1,
seasonal timing,1,
plant functional composition,1,
diversity loss,1,
soil type,1,
TEs,1,
grain,1,
vegetation formations,1,
community shifts,1,
type conversions,1,
low fuel moisture,1,
vegetation regrowth,1,
heavy precipitation,1,
soil stability,1,
burnt areas,1,
flammable exotic plantation forestry,1,
mitigation responses,1,
groundwater systems,1,
environmental flow limits,1,
open shrublands,1,
herbivory impacts,1,
altered climate,1,
C3 photosynthesis,1,
carbon increase,1,
savanna distribution,1,
CO2,1,
canopy,1,
arid savannas,1,
CO2 concentrations,1,
savanna expanse,1,
closed canopy systems,1,
woody dominance,1,
feeding,1,
projected climate changes,1,
tropical agricultural revolution pathway,1,
agronomic prosperity,1,
African Forest Restoration Initiative,1,
dry forests,1,
prolonged droughts,1,
woody biomass,1,
cooler temperatures,1,
higher,1,
ations,1,
Tropical species,1,
tropical cloud forest,1,
tropical cloud forests,1,
geographical shift,1,
transition areas,1,
Forest dieback,1,
Amazon region,1,
tropical forest occurrence,1,
Tropical lowlands,1,
human pressures,1,
LUCs,1,
subtropical forests,1,
forest specialists,1,
soil fauna groups,1,
climate change conditions,1,
decom,1,
western Himalayas,1,
subtropical coniferous forests,1,
invasive plant expansion,1,
local livelihoods,1,
unsustainable land use,1,
crop failures,1,
agricultural area,1,
booming tree crops,1,
Eucalyptus,1,
rubber,1,
decreased environmental limits,1,
Yunnan provincial government,1,
Asian Elephant National Park,1,
national park system,1,
boreal forest zone,1,
boreal tree species,1,
edaphic features,1,
southern boreal forest,1,
conifers,1,
eastern Siberia,1,
fire disturbance,1,
Alberta,1,
mountain pine beetles,1,
non-pine conifers,1,
broadleaf trees,1,
permafrost melt water,1,
Peatland Systems,1,
peat development,1,
Peatland area loss,1,
northern peatland area,1,
northern peatland persistence,1,
peatland carbon stocks,1,
tropical peatland emissions,1,
groundwater drawdown,1,
northern peatland carbon sink,1,
ignition sources,1,
mean summer precipitation,1,
low RCPs,1,
Indonesian region,1,
peat carbon losses,1,
human peatland drainage,1,
disturbance,1,
warmer growing seasons,1,
environmental archive,1,
human disturbances,1,
Polar Tundra Ecosystems,1,
permafrost extent,1,
woody shrubs,1,
arctic hydrology,1,
th,1,
terrestrial biomes,1,
annual surface air temperatures,1,
Arctic tundra systems,1,
vegetation response,1,
project acceleration,1,
shrub dominance,1,
boreal forest encroachment,1,
permafrost dynamics,1,
thaw ponds,1,
low nutrient availability,1,
graminoids,1,
soil thawing,1,
biophysical,1,
modelled,1,
carbon cycle changes,1,
tundra ecosystem function,1,
Overshoot Projections,1,
terrestrial,1,
biophysical climate feedbacks,1,
committed changes,1,
changing vegetation cover,1,
transient warming,1,
warming overshoot,1,
tropical forest cover loss,1,
woody C3 vegetation,1,
concentration,1,
boreal forest cover,1,
vegetation composition,1,
terrestrial carbon uptake,1,
decisions,1,
ecosystem physiological responses,1,
geographical location,1,
functional change,1,
biome map,1,
WWF ecoregions database,1,
resprouting plants,1,
grass dominance,1,
resprouting trees,1,
deciduous,1,
evergreen species,1,
polar desert,1,
coniferous trees,1,
reduced surface albedo,1,
woody shrub cover,1,
Boreal,1,
Deciduous broadleaf tree encroachment,1,
Extensive boreal tree,1,
boreal zone,1,
southern ecotone,1,
continental grasslands,1,
beetle infestations,1,
mesic savanna,1,
climate envelope,1,
Forest biomass,1,
Temperate forest Forest decline,1,
deciduous vegetation,1,
deciduous species,1,
pest outbreaks,1,
woodier states,1,
annas,1,
America,1,
C4 grass productivity,1,
C3 grass productivity,1,
desert vegetation productivity,1,
central Australia,1,
Arabian Peninsula,1,
increased leaf area index,1,
Forest death,1,
central,1,
geographical match,1,
tropical forest expansion,1,
boreal forest expansion,1,
Mediterranean shrublands,1,
xeric shrublands,1,
temperate grassy systems,1,
deciduous forest species,1,
evergreen forest species,1,
geographical pattern,1,
observed exposure,1,
observed climate change,1,
spatial patterns,1,
US national park area,1,
area,1,
South African national parks,1,
human land cover,1,
individual protected areas,1,
subtropical projected areas,1,
Oceania,1,
temperate conifer forests,1,
humid tropical forests,1,
Regional analyses,1,
Bolivia,1,
suarezensis,1,
protected areas network,1,
Atlantic Forest amphibians,1,
bog woodlands,1,
Protected rivers,1,
population movements,1,
dams,1,
freshwater connectivity,1,
protected area,1,
fire weather seasons,1,
agricultural expansion project,1,
total burned area,1,
trade,1,
respiratory illnesses,1,
degraded water quality,1,
sediment flow,1,
chemical precursors,1,
shared socioeconomic pathway SSP3,1,
global population exposure,1,
Western Australia,1,
fire intensity,1,
reduced deforestation,1,
global emissions,1,
Northern Territory,1,
projected fire increase,1,
temperature montane rainforest,1,
4°C temperature increase,1,Encoding
emission reductions,1,
Carbon dioxide fertilisation,1,
desert ecosystems,1,
temperate forest,1,
timber production,1,
forest products,1,
buffering capacity,1,
Amazon tropical evergreen forest,1,
evapotranspiration inputs,1,
Guinean tropical deciduous forest,1,
tropical forest areas,1,
plant hydraulics,1,
Northern Hemisphere conifer forest area,1,
Sierra Nevada conifer forests,1,
spruce forest,1,
timber productivity,1,
mesic vegetation,1,
endemic pencil pine,1,
temperate montane rainforest,1,
temperate forest areas,1,
biological process understanding,1,
atmospheric inversion model output,1,
spatial climate data,1,
net ecosystem productivity,1,
global land carbon sink,1,
episodic events,1,
